index,Rating Average
0,1.51
1,1.25
2,4.46
3,2.34
4,3.76
5,2.76
6,2.44
7,2.68
8,5.18
9,1.68
10,3.16
11,4.6
12,2.15
13,4.08
14,3.49
15,1.4
16,2.08
17,1.58
18,2.04
19,4.59
20,5.25
21,3.0
22,2.38
23,4.4
24,1.42
25,1.87
26,4.45
27,3.67
28,4.74
29,3.49
30,3.41
31,1.0
32,0.39
33,5.21
34,5.49
35,5.33
36,5.23
37,2.43
38,1.39
39,1.57
40,0.76
41,4.75
42,1.45
43,4.15
44,1.39
45,2.19
46,4.6
47,5.34
48,2.49
49,4.39
50,0.15
51,5.23
52,3.9
53,4.62
54,4.03
55,1.18
56,2.06
57,4.36
58,2.49
59,0.19
60,5.14
61,3.22
62,5.07
63,4.94
64,3.03
65,1.38
66,5.37
67,4.39
68,3.42
69,1.47
70,4.19
71,0.42
72,2.68
73,3.1
74,5.31
75,5.31
76,4.39
77,3.87
78,3.61
79,3.65
80,2.62
81,3.05
82,4.35
83,2.72
84,2.95
85,2.67
86,5.17
87,3.63
88,2.28
89,4.48
90,2.14
91,2.93
92,5.16
93,4.34
94,4.41
95,4.29
96,5.28
97,0.07
98,3.57
99,0.95
100,4.59
101,0.99
102,2.36
103,5.32
104,4.12
105,3.79
106,3.22
107,5.4
108,3.02
109,5.3
110,1.96
111,0.1
112,1.26
113,2.18
114,4.53
115,1.93
116,5.34
117,2.89
118,3.35
119,0.76
120,2.63
121,0.88
122,2.94
123,4.91
124,4.65
125,5.09
126,4.93
127,3.78
128,1.7
129,3.68
130,2.54
131,3.64
132,2.71
133,5.33
134,0.51
135,3.37
136,4.85
137,4.35
138,4.44
139,1.18
140,4.27
141,3.5
142,2.15
143,3.47
144,3.81
145,3.96
146,2.88
147,1.18
148,4.75
149,2.47
150,1.71
151,4.64
152,4.2
153,0.29
154,3.82
155,3.88
156,2.69
157,4.2
158,1.43
159,2.08
160,2.94
161,4.01
162,0.43
163,4.87
164,1.15
165,0.65
166,2.13
167,5.2
168,3.59
169,1.94
170,1.94
171,0.11
172,1.09
173,0.17
174,0.76
175,4.84
176,3.48
177,4.1
178,3.54
179,4.45
180,1.97
181,1.71
182,1.4
183,0.1
184,0.06
185,4.84
186,4.72
187,1.2
188,5.04
189,1.82
190,5.02
191,2.32
192,3.75
193,1.92
194,0.44
195,1.65
196,0.92
197,1.32
198,2.26
199,1.69
200,1.14
201,4.38
202,1.94
203,3.35
204,4.81
205,0.8
206,2.03
207,4.96
208,2.04
209,0.19
210,2.35
211,4.77
212,4.3
213,3.01
214,3.06
215,3.07
216,1.04
217,1.02
218,3.89
219,2.03
220,1.01
221,2.8
222,3.4
223,3.78
224,0.63
225,5.06
226,2.34
227,4.61
228,4.48
229,1.86
230,4.95
231,3.28
232,3.1
233,1.97
234,1.09
235,0.85
236,2.93
237,0.46
238,4.4
239,0.01
240,2.49
241,5.42
242,0.02
243,0.21
244,3.71
245,0.1
246,0.51
247,0.62
248,2.59
249,2.19
250,4.23
251,0.08
252,3.44
253,2.09
254,0.76
255,0.85
256,3.47
257,0.55
258,1.29
259,1.37
260,4.03
261,3.28
262,1.97
263,5.37
264,3.54
265,0.94
266,0.55
267,1.89
268,4.33
269,3.97
270,5.14
271,2.77
272,0.48
273,3.17
274,2.82
275,0.74
276,5.4
277,2.97
278,5.33
279,3.11
280,1.69
281,0.82
282,4.23
283,4.4
284,3.61
285,4.64
286,2.29
287,1.83
288,2.42
289,2.74
290,3.39
291,3.91
292,3.23
293,3.8
294,2.27
295,4.94
296,2.61
297,3.82
298,5.46
299,3.75
300,1.01
301,0.92
302,0.64
303,5.46
304,5.1
305,4.5
306,3.56
307,2.75
308,4.95
309,0.49
310,1.38
311,5.09
312,3.32
313,1.91
314,2.39
315,2.56
316,2.33
317,1.48
318,1.73
319,2.39
320,3.47
321,0.19
322,2.45
323,1.69
324,1.68
325,3.14
326,3.7
327,3.16
328,1.64
329,1.31
330,5.25
331,1.94
332,3.54
333,3.56
334,4.37
335,5.33
336,4.71
337,3.89
338,0.45
339,0.75
340,2.82
341,4.76
342,2.19
343,0.84
344,2.7
345,4.63
346,4.85
347,4.5
348,4.95
349,3.11
350,3.85
351,4.62
352,5.32
353,4.06
354,2.44
355,3.38
356,4.36
357,3.45
358,4.49
359,1.38
360,1.06
361,3.61
362,1.1
363,0.13
364,3.57
365,4.17
366,4.47
367,5.05
368,3.78
369,3.6
370,3.14
371,2.71
372,2.58
373,0.32
374,1.2
375,1.95
376,1.9
377,0.06
378,1.98
379,4.71
380,1.54
381,1.78
382,3.82
383,4.49
384,4.49
385,1.45
386,3.01
387,0.2
388,3.94
389,3.76
390,2.89
391,4.76
392,0.54
393,4.0
394,1.01
395,4.15
396,2.2
397,4.67
398,1.79
399,5.29
400,4.14
401,1.68
402,1.73
403,4.35
404,2.18
405,1.56
406,3.22
407,1.86
408,1.04
409,5.17
410,3.6
411,0.79
412,3.22
413,4.98
414,0.31
415,1.96
416,0.73
417,4.59
418,2.04
419,3.95
420,5.27
421,4.65
422,3.67
423,0.36
424,4.73
425,0.73
426,5.08
427,5.5
428,5.38
429,3.89
430,3.03
431,0.21
432,1.34
433,1.94
434,4.55
435,3.62
436,1.03
437,4.41
438,4.85
439,0.46
440,4.86
441,1.5
442,2.06
443,1.54
444,2.42
445,0.85
446,2.88
447,4.87
448,2.43
449,4.79
450,0.97
451,4.33
452,3.56
453,1.8
454,5.22
455,4.29
456,1.27
457,0.96
458,3.68
459,1.09
460,2.98
461,2.96
462,3.49
463,5.32
464,3.78
465,0.23
466,2.5
467,0.36
468,0.97
469,1.97
470,4.56
471,1.94
472,4.51
473,4.84
474,5.25
475,3.21
476,0.45
477,1.45
478,0.04
479,2.4
480,3.28
481,0.63
482,0.12
483,3.39
484,4.9
485,1.2
486,1.77
487,3.7
488,4.86
489,5.39
490,3.15
491,2.75
492,5.44
493,4.47
494,1.84
495,5.47
496,2.72
497,4.71
498,0.33
499,5.2
500,4.85
501,5.08
502,0.58
503,2.79
504,3.67
505,2.55
506,0.96
507,1.7
508,3.11
509,0.71
510,1.31
511,0.3
512,1.9
513,2.88
514,4.51
515,2.74
516,5.47
517,0.2
518,3.26
519,1.78
520,3.7
521,0.23
522,1.71
523,3.68
524,4.34
525,1.73
526,1.35
527,0.65
528,0.31
529,4.86
530,0.21
531,0.49
532,1.18
533,1.9
534,5.11
535,2.85
536,2.91
537,2.47
538,1.36
539,0.03
540,0.49
541,4.03
542,0.51
543,4.19
544,1.97
545,3.43
546,4.18
547,2.81
548,1.59
549,5.42
550,4.76
551,3.79
552,3.79
553,5.38
554,4.0
555,4.54
556,4.58
557,4.51
558,4.32
559,0.55
560,2.22
561,5.34
562,5.3
563,4.12
564,3.4
565,4.89
566,4.34
567,2.51
568,0.38
569,1.98
570,2.86
571,2.3
572,4.67
573,1.27
574,2.49
575,5.13
576,2.97
577,0.86
578,5.42
579,4.89
580,5.35
581,1.86
582,4.78
583,4.52
584,4.48
585,4.78
586,0.47
587,5.17
588,3.53
589,2.22
590,3.84
591,0.77
592,0.36
593,5.25
594,0.46
595,2.71
596,3.21
597,1.29
598,4.26
599,2.96
600,1.34
601,5.2
602,2.14
603,3.44
604,3.84
605,3.18
606,4.83
607,5.43
608,4.21
609,1.63
610,0.96
611,4.15
612,4.07
613,0.74
614,1.98
615,2.96
616,4.33
617,4.16
618,4.77
619,5.36
620,4.12
621,5.5
622,3.93
623,0.25
624,0.66
625,2.91
626,2.57
627,3.12
628,0.11
629,1.22
630,0.19
631,0.38
632,0.49
633,1.77
634,1.34
635,0.76
636,3.29
637,1.73
638,1.87
639,1.18
640,3.31
641,0.79
642,5.35
643,4.36
644,0.75
645,1.52
646,2.24
647,5.12
648,3.83
649,0.5
650,0.19
651,1.24
652,2.61
653,4.8
654,4.82
655,3.26
656,4.43
657,5.25
658,0.06
659,4.53
660,3.86
661,5.07
662,4.73
663,0.4
664,4.6
665,4.73
666,4.69
667,1.61
668,3.84
669,1.16
670,2.3
671,1.25
672,0.64
673,3.73
674,1.89
675,4.88
676,1.4
677,5.29
678,0.74
679,3.91
680,1.99
681,4.64
682,0.55
683,2.73
684,2.88
685,0.68
686,5.5
687,2.6
688,5.23
689,5.11
690,0.09
691,2.7
692,3.05
693,3.97
694,3.55
695,2.11
696,2.86
697,0.58
698,0.5
699,0.36
700,3.78
701,5.5
702,2.7
703,2.02
704,5.2
705,0.32
706,3.88
707,1.36
708,3.08
709,2.27
710,2.15
711,2.97
712,1.87
713,5.48
714,4.07
715,5.25
716,2.15
717,1.7
718,0.27
719,2.29
720,2.31
721,5.29
722,4.0
723,0.23
724,4.71
725,1.32
726,4.83
727,4.17
728,4.2
729,5.12
730,1.71
731,0.12
732,0.23
733,2.87
734,4.11
735,1.4
736,1.16
737,4.72
738,0.67
739,4.32
740,0.22
741,0.82
742,4.59
743,1.02
744,2.5
745,2.59
746,4.09
747,2.41
748,3.73
749,0.89
750,1.99
751,5.2
752,1.53
753,0.99
754,1.31
755,4.96
756,5.4
757,0.52
758,0.22
759,0.47
760,1.55
761,3.07
762,2.93
763,4.38
764,0.4
765,0.67
766,2.82
767,1.89
768,1.44
769,4.19
770,3.43
771,0.84
772,3.84
773,2.87
774,4.51
775,2.54
776,4.28
777,2.43
778,5.02
779,2.87
780,3.28
781,1.94
782,0.43
783,2.33
784,2.29
785,0.64
786,1.81
787,2.87
788,3.5
789,1.43
790,2.57
791,1.54
792,3.87
793,1.35
794,0.53
795,4.9
796,0.62
797,2.57
798,0.03
799,4.99
800,2.04
801,1.77
802,1.1
803,5.28
804,2.62
805,5.18
806,2.95
807,0.09
808,4.57
809,4.49
810,4.82
811,1.9
812,4.63
813,5.36
814,4.45
815,0.15
816,5.21
817,2.09
818,4.39
819,1.07
820,5.3
821,2.24
822,1.24
823,3.08
824,3.82
825,5.4
826,2.16
827,1.6
828,3.76
829,2.18
830,0.11
831,2.0
832,2.14
833,1.81
834,2.89
835,5.29
836,4.89
837,1.21
838,3.72
839,0.02
840,2.9
841,0.87
842,2.01
843,0.12
844,5.15
845,0.48
846,1.36
847,4.69
848,3.84
849,3.48
850,4.04
851,0.09
852,1.4
853,1.54
854,0.46
855,4.91
856,3.29
857,3.05
858,2.65
859,3.38
860,1.7
861,3.74
862,5.24
863,3.28
864,4.78
865,4.78
866,1.76
867,2.87
868,4.75
869,1.08
870,4.05
871,4.81
872,4.3
873,0.92
874,4.09
875,5.06
876,0.42
877,2.67
878,0.78
879,1.3
880,0.58
881,4.12
882,3.63
883,4.79
884,0.6
885,1.66
886,1.13
887,2.76
888,2.65
889,3.35
890,0.81
891,2.68
892,3.12
893,3.41
894,1.33
895,5.49
896,5.33
897,0.5
898,0.47
899,0.67
900,2.65
901,2.24
902,2.98
903,0.32
904,0.67
905,4.97
906,2.33
907,4.86
908,3.47
909,3.46
910,0.13
911,4.46
912,0.37
913,4.24
914,4.62
915,2.36
916,2.79
917,2.01
918,4.3
919,2.41
920,2.85
921,1.64
922,2.47
923,1.86
924,0.93
925,3.91
926,0.81
927,0.03
928,0.17
929,1.38
930,0.73
931,4.4
932,4.52
933,3.71
934,4.67
935,2.04
936,0.19
937,2.84
938,4.99
939,0.42
940,0.26
941,5.11
942,3.1
943,2.84
944,3.41
945,3.43
946,3.06
947,2.36
948,5.41
949,0.2
950,3.14
951,3.54
952,4.23
953,1.71
954,3.99
955,0.31
956,3.58
957,2.62
958,1.09
959,0.42
960,5.31
961,3.32
962,0.93
963,4.49
964,3.14
965,1.63
966,3.15
967,0.18
968,3.6
969,4.69
970,0.91
971,1.26
972,2.61
973,1.07
974,4.51
975,1.53
976,3.1
977,3.76
978,4.0
979,4.23
980,4.36
981,0.74
982,2.05
983,1.44
984,0.98
985,2.81
986,1.36
987,3.5
988,3.19
989,3.98
990,0.75
991,2.74
992,4.61
993,4.65
994,2.21
995,4.31
996,4.16
997,0.38
998,1.17
999,3.34
1000,0.79
1001,2.79
1002,2.39
1003,4.62
1004,0.32
1005,0.09
1006,1.41
1007,4.26
1008,3.91
1009,3.7
1010,2.27
1011,1.48
1012,0.0
1013,3.64
1014,4.07
1015,1.41
1016,2.22
1017,3.25
1018,2.92
1019,2.89
1020,0.68
1021,0.48
1022,2.66
1023,4.68
1024,2.69
1025,1.28
1026,3.71
1027,1.19
1028,5.2
1029,2.44
1030,3.39
1031,2.13
1032,1.48
1033,3.83
1034,3.74
1035,0.82
1036,3.28
1037,5.05
1038,4.53
1039,5.4
1040,4.4
1041,3.6
1042,2.35
1043,4.32
1044,4.92
1045,5.1
1046,3.77
1047,1.62
1048,3.1
1049,3.05
1050,4.2
1051,4.73
1052,1.05
1053,4.74
1054,4.74
1055,1.74
1056,4.51
1057,3.69
1058,2.7
1059,1.96
1060,3.87
1061,3.02
1062,5.48
1063,4.96
1064,2.01
1065,2.99
1066,2.86
1067,3.96
1068,0.29
1069,0.55
1070,2.51
1071,2.53
1072,1.02
1073,2.28
1074,3.92
1075,4.16
1076,3.1
1077,2.15
1078,3.19
1079,3.75
1080,4.64
1081,4.57
1082,1.85
1083,1.76
1084,4.09
1085,1.71
1086,1.85
1087,0.88
1088,4.77
1089,0.83
1090,2.13
1091,1.38
1092,0.84
1093,4.49
1094,1.78
1095,5.11
1096,3.77
1097,4.24
1098,0.9
1099,4.57
1100,3.29
1101,0.41
1102,0.11
1103,2.48
1104,0.3
1105,2.45
1106,2.02
1107,1.8
1108,3.0
1109,5.12
1110,1.91
1111,0.48
1112,0.61
1113,1.27
1114,5.41
1115,1.16
1116,3.48
1117,1.93
1118,0.11
1119,1.43
1120,2.24
1121,1.22
1122,5.38
1123,4.02
1124,3.87
1125,1.26
1126,2.41
1127,4.52
1128,3.65
1129,3.93
1130,4.5
1131,3.04
1132,4.68
1133,0.55
1134,3.0
1135,1.17
1136,1.89
1137,1.3
1138,3.32
1139,0.04
1140,2.49
1141,4.02
1142,2.39
1143,1.46
1144,3.43
1145,1.79
1146,2.48
1147,0.44
1148,1.97
1149,4.27
1150,4.12
1151,2.1
1152,4.43
1153,2.62
1154,4.14
1155,1.52
1156,4.48
1157,0.33
1158,1.82
1159,2.2
1160,1.63
1161,1.42
1162,1.99
1163,2.98
1164,2.21
1165,5.39
1166,1.46
1167,2.16
1168,3.73
1169,1.43
1170,1.31
1171,1.51
1172,2.82
1173,3.98
1174,3.42
1175,4.72
1176,2.5
1177,1.18
1178,2.55
1179,4.45
1180,5.05
1181,0.51
1182,3.98
1183,2.25
1184,2.37
1185,5.1
1186,4.19
1187,4.09
1188,1.91
1189,2.58
1190,1.11
1191,0.07
1192,1.18
1193,0.92
1194,1.28
1195,1.99
1196,3.2
1197,2.03
1198,0.66
1199,3.17
1200,5.07
1201,4.38
1202,2.86
1203,2.78
1204,3.05
1205,2.09
1206,1.94
1207,0.85
1208,1.39
1209,1.09
1210,2.98
1211,4.37
1212,2.39
1213,4.49
1214,0.23
1215,4.06
1216,3.51
1217,2.26
1218,1.27
1219,0.33
1220,0.92
1221,2.04
1222,2.69
1223,0.88
1224,0.66
1225,3.04
1226,3.26
1227,1.73
1228,0.3
1229,2.58
1230,2.83
1231,0.22
1232,1.64
1233,1.66
1234,4.25
1235,4.98
1236,1.79
1237,0.83
1238,2.16
1239,1.63
1240,1.72
1241,2.65
1242,4.58
1243,4.39
1244,3.43
1245,2.59
1246,2.64
1247,3.68
1248,1.77
1249,4.29
1250,0.45
1251,4.39
1252,3.56
1253,4.18
1254,0.06
1255,4.06
1256,0.76
1257,2.55
1258,0.92
1259,3.22
1260,4.42
1261,4.78
1262,3.86
1263,5.39
1264,3.68
1265,3.64
1266,2.22
1267,4.74
1268,2.48
1269,2.75
1270,5.0
1271,3.48
1272,0.78
1273,4.15
1274,3.83
1275,3.56
1276,5.38
1277,5.01
1278,3.05
1279,4.12
1280,2.69
1281,3.25
1282,3.49
1283,5.33
1284,1.21
1285,1.05
1286,3.84
1287,2.51
1288,2.52
1289,2.04
1290,4.96
1291,3.59
1292,0.51
1293,3.48
1294,0.56
1295,4.54
1296,0.38
1297,3.44
1298,3.09
1299,0.79
1300,2.58
1301,4.31
1302,1.03
1303,0.34
1304,4.28
1305,1.19
1306,4.26
1307,5.13
1308,1.39
1309,4.72
1310,1.82
1311,3.97
1312,5.14
1313,5.48
1314,4.78
1315,0.2
1316,5.49
1317,0.71
1318,1.65
1319,4.27
1320,3.49
1321,0.01
1322,1.84
1323,4.69
1324,1.86
1325,0.69
1326,3.4
1327,0.77
1328,0.63
1329,3.59
1330,4.5
1331,2.94
1332,3.04
1333,3.53
1334,0.91
1335,5.17
1336,2.09
1337,1.0
1338,2.86
1339,0.34
1340,1.96
1341,4.21
1342,2.73
1343,1.44
1344,1.2
1345,2.72
1346,4.45
1347,5.28
1348,3.98
1349,5.06
1350,3.1
1351,2.69
1352,1.81
1353,3.03
1354,4.23
1355,0.55
1356,3.51
1357,0.25
1358,0.8
1359,4.75
1360,1.72
1361,4.96
1362,5.2
1363,0.23
1364,2.68
1365,1.76
1366,4.32
1367,4.71
1368,2.13
1369,5.16
1370,2.48
1371,2.29
1372,2.19
1373,0.12
1374,0.35
1375,4.25
1376,2.44
1377,0.87
1378,3.65
1379,1.37
1380,4.24
1381,2.27
1382,3.08
1383,3.89
1384,3.55
1385,2.09
1386,0.15
1387,1.03
1388,5.03
1389,4.43
1390,2.39
1391,4.61
1392,0.05
1393,5.22
1394,4.88
1395,2.41
1396,4.92
1397,2.28
1398,2.8
1399,5.17
1400,4.2
1401,1.5
1402,4.92
1403,0.23
1404,0.7
1405,3.99
1406,2.06
1407,4.6
1408,1.92
1409,2.52
1410,0.17
1411,4.33
1412,1.59
1413,2.72
1414,1.76
1415,1.57
1416,2.76
1417,5.28
1418,2.51
1419,5.4
1420,1.19
1421,5.11
1422,0.98
1423,0.53
1424,4.81
1425,2.13
1426,3.44
1427,0.51
1428,4.59
1429,0.99
1430,1.64
1431,5.29
1432,5.11
1433,3.11
1434,3.03
1435,1.76
1436,0.11
1437,0.34
1438,3.25
1439,2.75
1440,3.31
1441,1.31
1442,3.14
1443,1.1
1444,2.97
1445,1.02
1446,5.4
1447,1.24
1448,1.43
1449,2.08
1450,0.55
1451,1.63
1452,1.71
1453,1.9
1454,4.8
1455,2.62
1456,4.27
1457,0.66
1458,3.14
1459,5.21
1460,0.03
1461,1.66
1462,4.36
1463,5.28
1464,0.32
1465,4.78
1466,0.74
1467,1.67
1468,4.44
1469,5.46
1470,5.2
1471,4.63
1472,1.73
1473,0.18
1474,3.41
1475,2.95
1476,4.22
1477,3.52
1478,1.18
1479,5.41
1480,3.43
1481,2.52
1482,5.14
1483,3.68
1484,5.31
1485,4.7
1486,1.34
1487,1.63
1488,5.28
1489,3.46
1490,2.53
1491,4.49
1492,5.08
1493,4.49
1494,5.27
1495,1.08
1496,1.59
1497,1.99
1498,2.69
1499,1.35
1500,2.87
1501,1.7
1502,5.22
1503,2.37
1504,2.24
1505,0.13
1506,2.49
1507,0.27
1508,2.01
1509,3.35
1510,2.78
1511,2.45
1512,2.86
1513,4.47
1514,1.73
1515,4.45
1516,2.0
1517,4.05
1518,0.25
1519,2.07
1520,3.6
1521,5.26
1522,3.77
1523,2.53
1524,5.12
1525,1.15
1526,2.81
1527,3.66
1528,1.5
1529,2.38
1530,0.55
1531,0.35
1532,5.41
1533,3.3
1534,0.82
1535,1.79
1536,4.44
1537,5.0
1538,2.52
1539,4.63
1540,4.91
1541,4.8
1542,4.54
1543,1.21
1544,2.3
1545,3.52
1546,1.97
1547,4.06
1548,0.93
1549,4.23
1550,0.18
1551,1.11
1552,1.88
1553,3.73
1554,0.77
1555,1.18
1556,3.83
1557,3.85
1558,2.03
1559,0.35
1560,4.14
1561,4.36
1562,3.0
1563,1.83
1564,5.39
1565,4.09
1566,1.36
1567,0.72
1568,0.17
1569,1.76
1570,0.92
1571,2.99
1572,1.9
1573,1.52
1574,1.4
1575,4.17
1576,1.69
1577,4.57
1578,0.42
1579,0.4
1580,3.06
1581,2.77
1582,1.22
1583,2.5
1584,2.04
1585,1.08
1586,1.99
1587,2.8
1588,5.26
1589,4.59
1590,4.98
1591,2.2
1592,1.23
1593,5.47
1594,1.91
1595,1.69
1596,5.38
1597,1.99
1598,5.07
1599,4.09
1600,2.65
1601,0.47
1602,2.18
1603,0.81
1604,0.95
1605,2.67
1606,3.06
1607,0.48
1608,1.12
1609,2.12
1610,1.94
1611,5.33
1612,3.68
1613,1.65
1614,3.45
1615,1.72
1616,2.02
1617,3.36
1618,0.62
1619,1.88
1620,0.3
1621,1.81
1622,0.63
1623,0.34
1624,0.41
1625,3.75
1626,4.91
1627,2.3
1628,3.46
1629,1.98
1630,1.87
1631,3.0
1632,4.13
1633,4.02
1634,4.98
1635,3.47
1636,3.5
1637,3.03
1638,0.04
1639,3.72
1640,3.57
1641,0.98
1642,2.4
1643,1.1
1644,1.21
1645,4.35
1646,0.05
1647,4.78
1648,5.25
1649,0.38
1650,5.21
1651,3.29
1652,0.75
1653,2.19
1654,4.68
1655,1.73
1656,3.1
1657,4.72
1658,4.71
1659,2.0
1660,3.49
1661,2.47
1662,3.47
1663,3.18
1664,0.89
1665,5.22
1666,1.99
1667,4.53
1668,2.81
1669,2.28
1670,3.17
1671,0.81
1672,4.93
1673,1.56
1674,4.17
1675,1.99
1676,0.11
1677,2.97
1678,4.58
1679,2.96
1680,0.1
1681,4.47
1682,4.05
1683,2.58
1684,4.62
1685,4.2
1686,1.41
1687,5.4
1688,0.86
1689,0.82
1690,3.53
1691,5.36
1692,3.05
1693,4.86
1694,5.12
1695,0.5
1696,0.96
1697,2.8
1698,5.21
1699,2.49
1700,3.14
1701,5.03
1702,1.57
1703,1.74
1704,1.05
1705,1.22
1706,0.26
1707,4.78
1708,3.45
1709,5.26
1710,3.27
1711,5.25
1712,2.03
1713,0.38
1714,2.42
1715,5.36
1716,0.14
1717,0.7
1718,5.29
1719,0.43
1720,2.62
1721,3.5
1722,2.85
1723,4.96
1724,2.34
1725,2.19
1726,2.76
1727,0.0
1728,5.43
1729,3.61
1730,2.67
1731,2.81
1732,4.24
1733,2.21
1734,1.44
1735,4.13
1736,5.23
1737,4.77
1738,1.85
1739,3.28
1740,0.89
1741,0.33
1742,0.47
1743,5.21
1744,4.4
1745,0.07
1746,0.59
1747,1.12
1748,5.3
1749,4.1
1750,5.5
1751,3.59
1752,2.59
1753,4.18
1754,1.57
1755,2.6
1756,4.04
1757,4.94
1758,4.63
1759,4.59
1760,0.96
1761,3.71
1762,0.21
1763,4.48
1764,3.45
1765,3.28
1766,3.6
1767,3.77
1768,1.75
1769,0.59
1770,4.73
1771,2.88
1772,0.28
1773,2.2
1774,0.62
1775,1.64
1776,3.23
1777,3.38
1778,3.88
1779,0.11
1780,3.52
1781,1.69
1782,5.07
1783,2.48
1784,1.41
1785,2.42
1786,2.62
1787,0.38
1788,0.78
1789,4.91
1790,1.59
1791,1.16
1792,2.02
1793,3.64
1794,4.62
1795,0.72
1796,0.52
1797,2.34
1798,2.98
1799,1.23
1800,2.1
1801,2.47
1802,3.68
1803,1.46
1804,3.35
1805,0.51
1806,1.87
1807,2.96
1808,2.72
1809,0.42
1810,3.1
1811,0.47
1812,3.79
1813,2.59
1814,3.25
1815,2.26
1816,2.07
1817,0.01
1818,4.78
1819,4.26
1820,0.36
1821,3.55
1822,2.62
1823,1.78
1824,0.46
1825,1.06
1826,1.06
1827,1.33
1828,4.57
1829,3.55
1830,4.27
1831,4.08
1832,1.48
1833,2.19
1834,1.54
1835,0.67
1836,3.23
1837,1.92
1838,3.56
1839,0.25
1840,1.23
1841,4.4
1842,4.02
1843,5.35
1844,1.36
1845,0.93
1846,4.61
1847,1.72
1848,3.8
1849,1.26
1850,1.31
1851,0.72
1852,5.23
1853,1.72
1854,3.79
1855,0.43
1856,2.08
1857,1.76
1858,0.21
1859,2.03
1860,5.29
1861,4.16
1862,2.23
1863,2.81
1864,4.62
1865,1.09
1866,0.57
1867,1.27
1868,3.51
1869,2.47
1870,2.65
1871,4.72
1872,2.47
1873,4.21
1874,3.24
1875,3.71
1876,1.55
1877,2.88
1878,4.12
1879,4.64
1880,0.55
1881,1.78
1882,4.17
1883,1.64
1884,2.18
1885,2.09
1886,3.18
1887,3.29
1888,5.16
1889,4.07
1890,4.58
1891,4.89
1892,3.36
1893,4.68
1894,2.57
1895,1.83
1896,1.53
1897,0.66
1898,4.01
1899,3.88
1900,2.34
1901,5.11
1902,4.27
1903,0.73
1904,5.32
1905,3.72
1906,0.66
1907,3.74
1908,1.81
1909,5.04
1910,3.18
1911,0.76
1912,0.06
1913,2.05
1914,1.41
1915,4.7
1916,1.47
1917,0.86
1918,2.01
1919,2.3
1920,0.08
1921,4.15
1922,4.96
1923,0.28
1924,5.3
1925,2.59
1926,1.93
1927,2.73
1928,3.24
1929,2.15
1930,4.94
1931,1.14
1932,5.04
1933,4.6
1934,0.41
1935,5.43
1936,3.49
1937,3.75
1938,1.65
1939,4.66
1940,5.24
1941,1.11
1942,3.54
1943,0.7
1944,2.87
1945,3.66
1946,4.33
1947,1.68
1948,3.77
1949,5.08
1950,1.93
1951,4.16
1952,1.61
1953,1.63
1954,3.09
1955,5.15
1956,2.97
1957,3.67
1958,3.19
1959,3.33
1960,2.74
1961,2.18
1962,3.89
1963,5.33
1964,3.99
1965,1.18
1966,5.44
1967,1.53
1968,4.87
1969,4.77
1970,4.38
1971,4.5
1972,4.2
1973,5.34
1974,3.78
1975,3.84
1976,5.14
1977,2.11
1978,4.59
1979,1.72
1980,3.15
1981,4.3
1982,1.24
1983,3.86
1984,1.35
1985,2.47
1986,0.28
1987,4.38
1988,4.9
1989,1.3
1990,1.36
1991,0.92
1992,3.82
1993,1.93
1994,0.27
1995,0.9
1996,0.27
1997,3.71
1998,1.02
1999,2.63
2000,2.32
2001,1.0
2002,2.63
2003,1.14
2004,3.29
2005,3.14
2006,3.57
2007,4.04
2008,3.48
2009,3.78
2010,1.63
2011,2.96
2012,1.02
2013,1.72
2014,1.76
2015,3.42
2016,3.67
2017,2.41
2018,4.89
2019,0.8
2020,2.52
2021,0.41
2022,3.4
2023,3.07
2024,3.59
2025,2.45
2026,3.35
2027,3.89
2028,1.38
2029,0.25
2030,3.04
2031,5.16
2032,0.19
2033,2.31
2034,1.98
2035,4.14
2036,1.38
2037,2.82
2038,4.31
2039,1.94
2040,1.43
2041,3.48
2042,3.08
2043,0.61
2044,4.51
2045,1.19
2046,2.85
2047,0.81
2048,4.03
2049,1.57
2050,3.86
2051,1.35
2052,4.63
2053,3.41
2054,2.28
2055,0.54
2056,5.29
2057,3.92
2058,1.75
2059,4.01
2060,2.48
2061,1.56
2062,4.98
2063,2.76
2064,5.29
2065,2.5
2066,3.49
2067,4.23
2068,4.3
2069,4.88
2070,3.34
2071,1.17
2072,1.85
2073,2.98
2074,5.4
2075,5.4
2076,2.96
2077,3.37
2078,5.41
2079,4.43
2080,2.79
2081,2.33
2082,3.25
2083,3.27
2084,3.49
2085,4.25
2086,4.2
2087,4.73
2088,0.03
2089,5.12
2090,3.11
2091,2.81
2092,4.56
2093,0.96
2094,1.55
2095,1.67
2096,2.97
2097,1.11
2098,4.28
2099,0.97
2100,0.64
2101,2.96
2102,3.58
2103,3.3
2104,5.35
2105,3.75
2106,4.31
2107,4.27
2108,2.01
2109,0.43
2110,3.8
2111,0.94
2112,1.4
2113,1.86
2114,2.58
2115,2.54
2116,2.09
2117,3.07
2118,1.33
2119,4.16
2120,3.58
2121,4.51
2122,1.19
2123,2.14
2124,5.46
2125,1.98
2126,0.04
2127,4.82
2128,5.23
2129,2.57
2130,4.19
2131,2.62
2132,1.79
2133,4.39
2134,3.19
2135,0.72
2136,2.44
2137,3.14
2138,1.32
2139,4.58
2140,2.5
2141,2.59
2142,3.18
2143,0.24
2144,3.96
2145,1.15
2146,3.46
2147,2.4
2148,1.57
2149,2.71
2150,0.08
2151,0.1
2152,4.91
2153,3.87
2154,0.83
2155,2.87
2156,4.98
2157,1.97
2158,4.72
2159,0.36
2160,5.49
2161,5.37
2162,5.27
2163,3.44
2164,0.72
2165,3.15
2166,2.3
2167,3.79
2168,0.89
2169,4.68
2170,4.16
2171,5.19
2172,5.29
2173,0.18
2174,3.88
2175,2.11
2176,3.88
2177,0.09
2178,1.0
2179,1.78
2180,0.29
2181,3.51
2182,5.21
2183,2.16
2184,1.5
2185,4.11
2186,3.76
2187,1.44
2188,3.78
2189,0.97
2190,0.28
2191,0.6
2192,3.9
2193,1.23
2194,0.15
2195,2.01
2196,2.52
2197,4.75
2198,3.15
2199,1.67
2200,2.89
2201,1.19
2202,1.69
2203,5.26
2204,0.22
2205,0.59
2206,0.36
2207,1.2
2208,1.82
2209,5.08
2210,2.31
2211,2.13
2212,4.31
2213,1.68
2214,3.74
2215,2.45
2216,0.03
2217,3.69
2218,4.83
2219,0.63
2220,1.43
2221,4.77
2222,1.22
2223,5.39
2224,0.98
2225,4.57
2226,0.94
2227,3.22
2228,1.77
2229,1.03
2230,1.69
2231,2.49
2232,3.05
2233,1.83
2234,4.65
2235,4.09
2236,4.96
2237,4.82
2238,3.02
2239,1.56
2240,1.22
2241,4.73
2242,2.74
2243,0.34
2244,1.45
2245,1.79
2246,2.61
2247,5.25
2248,0.88
2249,3.15
2250,0.75
2251,3.51
2252,2.18
2253,0.65
2254,0.69
2255,1.45
2256,2.69
2257,3.77
2258,1.87
2259,3.85
2260,0.46
2261,4.26
2262,0.04
2263,0.22
2264,3.65
2265,3.98
2266,5.26
2267,4.51
2268,3.24
2269,2.23
2270,0.13
2271,1.92
2272,0.37
2273,1.73
2274,1.06
2275,3.75
2276,4.06
2277,0.97
2278,0.76
2279,1.2
2280,1.77
2281,0.51
2282,4.04
2283,1.05
2284,4.46
2285,4.07
2286,4.07
2287,5.02
2288,1.42
2289,4.21
2290,0.83
2291,1.84
2292,2.34
2293,3.35
2294,3.34
2295,1.35
2296,2.64
2297,2.07
2298,0.19
2299,4.29
2300,3.0
2301,1.88
2302,3.39
2303,3.35
2304,4.18
2305,3.56
2306,4.56
2307,3.32
2308,3.5
2309,2.23
2310,0.75
2311,2.57
2312,1.07
2313,3.6
2314,2.14
2315,1.51
2316,5.05
2317,1.97
2318,1.51
2319,4.85
2320,0.89
2321,3.52
2322,3.02
2323,3.94
2324,0.4
2325,3.92
2326,2.17
2327,3.28
2328,2.79
2329,4.22
2330,4.94
2331,3.53
2332,1.03
2333,4.09
2334,0.62
2335,3.43
2336,1.31
2337,0.15
2338,5.49
2339,5.18
2340,3.39
2341,1.26
2342,4.86
2343,4.63
2344,4.31
2345,3.46
2346,3.74
2347,0.06
2348,2.15
2349,4.76
2350,4.35
2351,2.29
2352,4.39
2353,3.37
2354,2.73
2355,4.51
2356,4.79
2357,4.35
2358,3.55
2359,2.73
2360,1.66
2361,2.3
2362,4.48
2363,3.11
2364,1.13
2365,1.21
2366,1.11
2367,4.72
2368,2.84
2369,1.47
2370,3.12
2371,0.31
2372,0.3
2373,5.47
2374,3.89
2375,3.62
2376,3.98
2377,0.32
2378,0.08
2379,2.08
2380,4.04
2381,1.47
2382,2.53
2383,0.57
2384,0.84
2385,4.51
2386,4.65
2387,3.11
2388,4.72
2389,3.38
2390,1.47
2391,4.76
2392,0.13
2393,4.51
2394,1.45
2395,2.38
2396,4.56
2397,4.78
2398,2.07
2399,3.68
2400,4.88
2401,0.71
2402,3.56
2403,2.6
2404,3.5
2405,2.16
2406,4.78
2407,5.29
2408,4.26
2409,4.35
2410,1.87
2411,3.11
2412,0.52
2413,2.43
2414,0.19
2415,0.67
2416,0.79
2417,0.64
2418,5.46
2419,4.23
2420,3.33
2421,2.86
2422,0.12
2423,0.49
2424,5.07
2425,4.53
2426,3.57
2427,2.13
2428,2.02
2429,0.22
2430,4.3
2431,4.94
2432,2.46
2433,1.91
2434,3.94
2435,0.35
2436,2.59
2437,4.87
2438,5.16
2439,1.1
2440,4.3
2441,0.82
2442,3.35
2443,3.82
2444,2.17
2445,2.36
2446,2.57
2447,3.82
2448,5.27
2449,4.04
2450,3.33
2451,3.69
2452,1.76
2453,1.25
2454,1.75
2455,5.42
2456,4.97
2457,4.95
2458,3.91
2459,5.47
2460,4.84
2461,2.79
2462,3.91
2463,2.89
2464,4.12
2465,1.81
2466,1.64
2467,3.71
2468,2.49
2469,2.4
2470,3.71
2471,5.44
2472,1.97
2473,0.82
2474,0.97
2475,4.41
2476,3.8
2477,5.1
2478,0.66
2479,0.55
2480,5.24
2481,1.91
2482,1.04
2483,5.42
2484,1.9
2485,0.49
2486,1.31
2487,1.49
2488,3.91
2489,4.92
2490,1.63
2491,5.3
2492,0.16
2493,1.21
2494,3.4
2495,1.91
2496,5.24
2497,2.58
2498,4.06
2499,4.88
2500,4.07
2501,2.18
2502,3.37
2503,0.2
2504,2.26
2505,0.4
2506,4.44
2507,0.66
2508,3.13
2509,1.33
2510,2.59
2511,3.1
2512,1.77
2513,1.23
2514,1.27
2515,2.42
2516,3.39
2517,0.82
2518,3.83
2519,4.54
2520,0.97
2521,1.11
2522,2.27
2523,0.55
2524,3.38
2525,3.01
2526,0.58
2527,3.53
2528,1.13
2529,3.64
2530,1.95
2531,1.09
2532,3.86
2533,0.17
2534,2.2
2535,0.01
2536,2.24
2537,1.58
2538,4.27
2539,1.75
2540,0.51
2541,3.99
2542,4.73
2543,4.18
2544,1.43
2545,0.33
2546,3.1
2547,0.88
2548,3.59
2549,0.64
2550,1.91
2551,5.45
2552,1.9
2553,3.47
2554,0.61
2555,1.58
2556,3.15
2557,0.66
2558,3.5
2559,1.48
2560,2.54
2561,2.49
2562,2.7
2563,3.93
2564,4.98
2565,2.62
2566,2.21
2567,5.21
2568,4.03
2569,2.04
2570,5.43
2571,2.18
2572,0.02
2573,1.73
2574,3.94
2575,3.91
2576,5.01
2577,5.06
2578,4.13
2579,1.37
2580,2.72
2581,2.91
2582,1.35
2583,4.33
2584,4.96
2585,0.89
2586,2.93
2587,2.13
2588,1.1
2589,0.36
2590,3.07
2591,1.06
2592,1.24
2593,5.43
2594,4.37
2595,5.2
2596,4.11
2597,1.59
2598,5.07
2599,1.23
2600,0.15
2601,0.69
2602,2.04
2603,2.96
2604,0.55
2605,4.88
2606,4.45
2607,0.99
2608,4.66
2609,3.73
2610,4.19
2611,3.37
2612,2.56
2613,3.96
2614,2.88
2615,0.0
2616,2.96
2617,2.53
2618,1.63
2619,2.9
2620,0.97
2621,3.28
2622,3.99
2623,4.39
2624,0.77
2625,0.74
2626,2.02
2627,0.62
2628,5.14
2629,5.38
2630,2.38
2631,4.64
2632,1.34
2633,1.47
2634,3.12
2635,0.38
2636,1.24
2637,1.69
2638,3.18
2639,1.11
2640,4.19
2641,0.4
2642,4.0
2643,0.79
2644,3.49
2645,0.54
2646,2.61
2647,3.38
2648,1.29
2649,4.53
2650,0.84
2651,4.23
2652,3.21
2653,3.04
2654,0.45
2655,2.58
2656,0.1
2657,4.5
2658,1.94
2659,1.27
2660,1.85
2661,5.47
2662,0.76
2663,4.24
2664,4.92
2665,3.88
2666,4.1
2667,5.12
2668,0.88
2669,1.94
2670,4.31
2671,2.17
2672,1.53
2673,3.25
2674,0.75
2675,3.58
2676,5.21
2677,3.16
2678,0.33
2679,1.32
2680,3.87
2681,2.39
2682,1.4
2683,2.74
2684,2.29
2685,1.52
2686,3.9
2687,2.63
2688,3.41
2689,3.72
2690,1.31
2691,3.03
2692,4.22
2693,2.75
2694,4.1
2695,2.46
2696,2.58
2697,3.91
2698,3.43
2699,5.06
2700,0.12
2701,0.96
2702,0.33
2703,0.8
2704,0.79
2705,4.36
2706,4.6
2707,4.1
2708,3.08
2709,2.17
2710,4.47
2711,2.1
2712,3.27
2713,4.88
2714,2.64
2715,3.88
2716,1.56
2717,0.02
2718,2.13
2719,1.92
2720,2.33
2721,4.66
2722,5.49
2723,5.05
2724,0.18
2725,0.02
2726,1.85
2727,5.18
2728,4.29
2729,0.56
2730,1.57
2731,0.32
2732,1.34
2733,4.81
2734,1.98
2735,0.7
2736,5.14
2737,5.01
2738,3.67
2739,1.67
2740,1.27
2741,2.42
2742,1.43
2743,3.42
2744,4.06
2745,2.99
2746,1.65
2747,2.88
2748,5.44
2749,5.08
2750,3.4
2751,3.38
2752,0.3
2753,3.0
2754,0.89
2755,4.31
2756,0.8
2757,4.74
2758,4.99
2759,2.9
2760,3.7
2761,5.06
2762,1.24
2763,4.9
2764,0.77
2765,3.78
2766,4.56
2767,0.01
2768,1.59
2769,4.64
2770,1.23
2771,0.84
2772,4.53
2773,3.14
2774,3.21
2775,0.95
2776,0.02
2777,2.13
2778,2.87
2779,0.47
2780,0.7
2781,0.69
2782,2.09
2783,2.31
2784,5.04
2785,1.84
2786,1.29
2787,3.96
2788,4.54
2789,5.37
2790,1.25
2791,0.73
2792,3.98
2793,3.55
2794,1.61
2795,2.89
2796,4.9
2797,1.28
2798,0.56
2799,0.88
2800,1.59
2801,1.82
2802,3.13
2803,0.16
2804,1.02
2805,4.32
2806,3.27
2807,4.78
2808,1.45
2809,2.74
2810,3.62
2811,2.89
2812,4.52
2813,5.04
2814,0.72
2815,0.98
2816,3.43
2817,0.48
2818,0.78
2819,4.23
2820,4.28
2821,4.07
2822,3.16
2823,5.3
2824,3.8
2825,3.63
2826,3.44
2827,1.01
2828,0.61
2829,4.54
2830,1.55
2831,4.21
2832,1.58
2833,5.44
2834,2.11
2835,4.71
2836,5.39
2837,3.96
2838,0.45
2839,5.28
2840,2.02
2841,5.38
2842,3.49
2843,3.06
2844,0.65
2845,4.86
2846,3.42
2847,2.22
2848,3.69
2849,0.81
2850,2.28
2851,4.84
2852,0.63
2853,2.36
2854,5.21
2855,0.46
2856,3.98
2857,2.05
2858,1.91
2859,2.35
2860,0.91
2861,4.83
2862,0.5
2863,0.59
2864,5.44
2865,0.91
2866,1.86
2867,3.8
2868,0.39
2869,5.48
2870,2.0
2871,1.45
2872,0.46
2873,0.83
2874,0.89
2875,1.86
2876,4.98
2877,4.28
2878,3.78
2879,0.07
2880,4.63
2881,0.24
2882,2.86
2883,3.67
2884,4.36
2885,4.2
2886,4.33
2887,3.61
2888,0.55
2889,4.64
2890,2.77
2891,2.84
2892,4.48
2893,4.01
2894,0.69
2895,4.29
2896,5.42
2897,4.01
2898,4.9
2899,0.88
2900,3.73
2901,1.25
2902,5.24
2903,3.27
2904,3.1
2905,1.58
2906,0.1
2907,5.43
2908,4.73
2909,3.87
2910,1.89
2911,3.7
2912,3.97
2913,5.0
2914,2.43
2915,0.8
2916,3.57
2917,0.89
2918,3.77
2919,4.94
2920,0.76
2921,0.33
2922,2.85
2923,1.46
2924,3.63
2925,3.89
2926,2.79
2927,1.21
2928,1.43
2929,3.44
2930,2.41
2931,2.4
2932,4.14
2933,0.11
2934,0.78
2935,1.86
2936,1.5
2937,4.41
2938,3.01
2939,2.89
2940,4.5
2941,1.67
2942,1.93
2943,2.92
2944,2.89
2945,2.39
2946,3.45
2947,4.28
2948,2.62
2949,0.62
2950,0.28
2951,2.12
2952,2.57
2953,2.82
2954,0.47
2955,1.96
2956,1.38
2957,5.2
2958,5.18
2959,5.19
2960,0.76
2961,0.81
2962,5.43
2963,2.49
2964,0.02
2965,2.94
2966,5.23
2967,1.15
2968,4.68
2969,2.42
2970,1.8
2971,2.5
2972,1.08
2973,3.67
2974,4.21
2975,3.11
2976,4.3
2977,4.76
2978,0.11
2979,3.86
2980,5.42
2981,4.03
2982,2.65
2983,3.93
2984,0.46
2985,3.6
2986,3.31
2987,0.99
2988,3.17
2989,3.87
2990,4.73
2991,5.12
2992,3.91
2993,1.74
2994,4.4
2995,0.75
2996,4.54
2997,4.84
2998,1.2
2999,0.14
3000,1.88
3001,4.67
3002,2.1
3003,1.87
3004,0.49
3005,4.56
3006,1.38
3007,2.32
3008,3.0
3009,2.54
3010,2.33
3011,3.02
3012,0.97
3013,2.49
3014,4.02
3015,3.49
3016,3.59
3017,4.06
3018,3.58
3019,0.63
3020,5.38
3021,2.51
3022,3.0
3023,0.07
3024,0.17
3025,4.57
3026,3.88
3027,2.37
3028,1.65
3029,0.66
3030,2.15
3031,1.37
3032,4.3
3033,4.58
3034,1.19
3035,5.27
3036,4.17
3037,0.4
3038,0.31
3039,3.62
3040,1.93
3041,5.42
3042,3.85
3043,2.41
3044,4.27
3045,3.06
3046,4.33
3047,3.4
3048,0.29
3049,3.19
3050,5.16
3051,3.22
3052,0.41
3053,2.2
3054,0.3
3055,1.99
3056,4.54
3057,4.35
3058,0.34
3059,4.44
3060,4.18
3061,5.41
3062,1.22
3063,3.19
3064,5.03
3065,2.28
3066,2.21
3067,1.25
3068,3.43
3069,5.44
3070,2.03
3071,4.57
3072,3.91
3073,3.48
3074,5.23
3075,5.15
3076,3.85
3077,5.32
3078,0.44
3079,1.9
3080,0.46
3081,4.74
3082,3.7
3083,3.95
3084,3.54
3085,3.83
3086,1.72
3087,4.43
3088,4.79
3089,4.83
3090,3.13
3091,1.75
3092,1.82
3093,3.49
3094,1.7
3095,0.51
3096,5.37
3097,3.5
3098,0.29
3099,4.45
3100,3.91
3101,3.68
3102,0.15
3103,1.36
3104,1.74
3105,4.48
3106,2.3
3107,5.01
3108,4.74
3109,1.87
3110,4.26
3111,0.42
3112,2.56
3113,3.91
3114,1.67
3115,1.79
3116,0.01
3117,2.23
3118,0.88
3119,1.12
3120,4.96
3121,0.76
3122,1.18
3123,4.04
3124,2.86
3125,3.34
3126,4.31
3127,0.6
3128,1.25
3129,4.76
3130,1.51
3131,0.83
3132,4.13
3133,3.83
3134,5.41
3135,4.72
3136,0.77
3137,4.11
3138,1.73
3139,3.42
3140,1.01
3141,4.86
3142,3.0
3143,5.01
3144,3.32
3145,3.08
3146,2.23
3147,4.35
3148,5.27
3149,0.99
3150,3.85
3151,4.68
3152,3.87
3153,4.13
3154,3.62
3155,5.39
3156,3.99
3157,1.71
3158,0.37
3159,3.14
3160,2.97
3161,0.28
3162,0.53
3163,0.91
3164,4.64
3165,4.87
3166,3.75
3167,1.94
3168,4.08
3169,0.73
3170,4.67
3171,0.89
3172,4.21
3173,2.0
3174,4.37
3175,0.57
3176,2.57
3177,1.06
3178,2.22
3179,3.28
3180,0.04
3181,3.21
3182,3.48
3183,3.47
3184,0.86
3185,2.44
3186,0.64
3187,1.4
3188,5.48
3189,1.65
3190,3.24
3191,1.43
3192,4.73
3193,1.12
3194,3.87
3195,2.26
3196,0.94
3197,2.53
3198,4.42
3199,4.78
3200,3.1
3201,2.68
3202,3.0
3203,2.48
3204,5.25
3205,1.69
3206,3.92
3207,3.36
3208,0.49
3209,0.18
3210,2.35
3211,4.51
3212,5.07
3213,2.53
3214,5.07
3215,4.07
3216,3.36
3217,5.14
3218,3.86
3219,2.7
3220,0.79
3221,2.0
3222,4.36
3223,1.3
3224,2.89
3225,3.94
3226,3.41
3227,0.54
3228,0.33
3229,0.63
3230,0.44
3231,4.89
3232,0.51
3233,3.18
3234,3.86
3235,3.15
3236,2.09
3237,0.6
3238,2.25
3239,3.29
3240,0.14
3241,3.34
3242,2.74
3243,0.51
3244,5.41
3245,2.49
3246,3.44
3247,4.21
3248,1.72
3249,4.37
3250,0.91
3251,0.65
3252,3.49
3253,4.31
3254,4.24
3255,4.38
3256,4.87
3257,4.22
3258,5.0
3259,2.8
3260,4.35
3261,3.36
3262,0.95
3263,4.55
3264,2.04
3265,1.14
3266,3.68
3267,1.19
3268,5.14
3269,0.93
3270,0.58
3271,2.79
3272,5.48
3273,3.69
3274,3.26
3275,3.43
3276,4.48
3277,1.48
3278,0.62
3279,1.83
3280,1.52
3281,3.15
3282,1.66
3283,4.64
3284,2.32
3285,2.28
3286,5.08
3287,1.74
3288,3.13
3289,4.93
3290,0.2
3291,0.69
3292,4.85
3293,0.4
3294,5.13
3295,2.66
3296,4.13
3297,1.44
3298,5.09
3299,0.65
3300,1.42
3301,4.63
3302,1.64
3303,5.31
3304,4.56
3305,4.26
3306,5.48
3307,4.64
3308,1.58
3309,2.24
3310,5.17
3311,4.34
3312,2.48
3313,0.22
3314,1.0
3315,1.49
3316,2.31
3317,5.06
3318,4.06
3319,2.89
3320,0.59
3321,4.21
3322,5.04
3323,3.88
3324,1.6
3325,3.82
3326,3.4
3327,4.88
3328,5.06
3329,2.19
3330,2.65
3331,3.53
3332,1.89
3333,4.84
3334,3.2
3335,3.94
3336,0.27
3337,1.66
3338,0.52
3339,0.13
3340,4.01
3341,0.9
3342,2.93
3343,3.84
3344,2.34
3345,0.26
3346,5.49
3347,3.45
3348,2.08
3349,0.49
3350,0.84
3351,2.72
3352,3.67
3353,4.47
3354,4.36
3355,1.51
3356,0.8
3357,0.74
3358,1.5
3359,4.53
3360,2.3
3361,0.12
3362,3.35
3363,4.66
3364,2.0
3365,4.27
3366,0.62
3367,3.9
3368,2.34
3369,4.55
3370,5.36
3371,3.87
3372,0.1
3373,1.01
3374,4.69
3375,4.88
3376,1.71
3377,3.95
3378,4.79
3379,5.0
3380,2.55
3381,1.08
3382,4.94
3383,1.26
3384,0.76
3385,3.3
3386,2.69
3387,1.13
3388,3.47
3389,1.41
3390,0.97
3391,3.74
3392,4.2
3393,3.34
3394,0.05
3395,0.46
3396,1.38
3397,1.35
3398,3.46
3399,0.94
3400,1.21
3401,4.35
3402,1.29
3403,5.32
3404,1.18
3405,2.69
3406,3.63
3407,3.33
3408,1.94
3409,2.74
3410,0.16
3411,2.48
3412,3.15
3413,2.32
3414,2.0
3415,2.06
3416,0.45
3417,0.16
3418,0.87
3419,2.28
3420,5.41
3421,2.22
3422,2.45
3423,3.24
3424,3.27
3425,4.27
3426,5.41
3427,4.44
3428,2.45
3429,3.08
3430,4.48
3431,1.01
3432,3.8
3433,1.24
3434,2.55
3435,0.76
3436,4.76
3437,1.8
3438,3.33
3439,0.95
3440,4.64
3441,3.2
3442,3.49
3443,2.15
3444,2.04
3445,2.55
3446,2.45
3447,2.86
3448,0.41
3449,4.37
3450,2.04
3451,4.93
3452,0.93
3453,2.67
3454,0.34
3455,0.64
3456,4.98
3457,3.71
3458,1.65
3459,2.0
3460,2.61
3461,0.74
3462,2.09
3463,0.24
3464,3.04
3465,4.05
3466,4.78
3467,3.14
3468,0.44
3469,0.14
3470,1.1
3471,2.58
3472,4.1
3473,1.55
3474,4.54
3475,2.78
3476,0.38
3477,3.27
3478,2.05
3479,4.17
3480,4.98
3481,2.76
3482,1.56
3483,4.93
3484,1.18
3485,4.95
3486,5.08
3487,0.16
3488,2.62
3489,2.98
3490,3.07
3491,0.69
3492,1.21
3493,2.19
3494,0.77
3495,4.36
3496,5.06
3497,3.02
3498,2.61
3499,2.27
3500,1.5
3501,2.15
3502,2.79
3503,0.09
3504,3.05
3505,5.17
3506,0.69
3507,1.03
3508,4.28
3509,5.17
3510,5.32
3511,1.38
3512,3.96
3513,2.43
3514,3.44
3515,0.77
3516,1.17
3517,1.39
3518,0.32
3519,2.95
3520,3.43
3521,0.16
3522,1.9
3523,3.36
3524,5.27
3525,4.02
3526,1.84
3527,3.93
3528,0.74
3529,3.12
3530,1.97
3531,3.41
3532,0.26
3533,0.87
3534,4.92
3535,0.86
3536,2.34
3537,3.4
3538,0.55
3539,1.33
3540,3.71
3541,5.13
3542,4.37
3543,1.03
3544,1.67
3545,1.66
3546,0.76
3547,0.26
3548,1.11
3549,4.3
3550,3.19
3551,0.04
3552,0.12
3553,0.73
3554,1.49
3555,4.15
3556,0.33
3557,1.81
3558,4.51
3559,1.3
3560,2.5
3561,2.72
3562,3.87
3563,4.77
3564,0.01
3565,2.74
3566,1.86
3567,4.47
3568,4.97
3569,3.93
3570,1.23
3571,0.35
3572,3.4
3573,1.11
3574,1.18
3575,0.26
3576,2.92
3577,1.67
3578,3.36
3579,4.35
3580,5.42
3581,5.23
3582,0.41
3583,0.37
3584,4.06
3585,1.13
3586,4.02
3587,4.88
3588,0.06
3589,5.0
3590,2.24
3591,4.77
3592,5.5
3593,0.73
3594,2.41
3595,4.76
3596,4.5
3597,3.43
3598,4.33
3599,3.27
3600,1.71
3601,5.2
3602,0.54
3603,3.58
3604,0.32
3605,0.44
3606,3.09
3607,1.99
3608,1.27
3609,0.23
3610,1.8
3611,5.38
3612,1.83
3613,0.29
3614,0.88
3615,4.44
3616,0.53
3617,1.98
3618,3.64
3619,3.35
3620,4.82
3621,3.34
3622,2.79
3623,3.36
3624,4.78
3625,0.19
3626,0.31
3627,3.87
3628,3.87
3629,3.45
3630,2.95
3631,2.5
3632,2.11
3633,2.45
3634,4.51
3635,3.82
3636,5.11
3637,2.38
3638,1.42
3639,1.75
3640,5.45
3641,5.29
3642,4.96
3643,2.68
3644,3.57
3645,0.77
3646,4.34
3647,3.41
3648,2.97
3649,4.11
3650,0.23
3651,0.8
3652,2.26
3653,0.07
3654,5.5
3655,3.43
3656,1.14
3657,3.64
3658,1.59
3659,2.16
3660,4.1
3661,0.39
3662,1.48
3663,4.34
3664,2.86
3665,2.53
3666,2.83
3667,5.37
3668,0.24
3669,1.05
3670,2.93
3671,4.17
3672,0.61
3673,2.56
3674,0.15
3675,2.71
3676,0.94
3677,2.62
3678,0.96
3679,2.63
3680,1.56
3681,2.14
3682,0.11
3683,3.61
3684,0.84
3685,0.3
3686,0.11
3687,0.26
3688,5.04
3689,4.4
3690,1.23
3691,0.59
3692,4.64
3693,3.37
3694,0.71
3695,3.74
3696,4.38
3697,2.48
3698,4.24
3699,4.5
3700,2.47
3701,4.28
3702,3.78
3703,4.91
3704,3.07
3705,0.92
3706,2.25
3707,2.57
3708,2.21
3709,2.06
3710,3.6
3711,1.93
3712,2.24
3713,0.11
3714,5.08
3715,0.1
3716,4.64
3717,4.56
3718,5.1
3719,0.26
3720,4.85
3721,4.03
3722,4.66
3723,2.61
3724,0.58
3725,0.3
3726,3.9
3727,1.88
3728,0.13
3729,5.05
3730,4.44
3731,3.17
3732,2.82
3733,1.47
3734,3.15
3735,4.57
3736,2.88
3737,1.61
3738,2.31
3739,1.26
3740,0.39
3741,2.53
3742,1.71
3743,3.23
3744,4.29
3745,4.62
3746,2.75
3747,3.99
3748,2.66
3749,0.71
3750,2.71
3751,2.39
3752,1.38
3753,2.37
3754,4.87
3755,0.69
3756,1.46
3757,5.45
3758,1.42
3759,3.8
3760,5.0
3761,2.33
3762,3.58
3763,4.56
3764,0.77
3765,2.0
3766,0.53
3767,2.32
3768,0.57
3769,5.47
3770,4.95
3771,1.77
3772,4.67
3773,0.08
3774,4.64
3775,5.37
3776,3.36
3777,4.3
3778,4.39
3779,1.77
3780,2.02
3781,2.35
3782,2.3
3783,0.07
3784,3.99
3785,4.16
3786,1.11
3787,2.59
3788,0.16
3789,0.85
3790,3.78
3791,3.51
3792,0.85
3793,2.9
3794,0.33
3795,1.25
3796,1.54
3797,3.33
3798,0.51
3799,4.72
3800,3.88
3801,0.11
3802,3.4
3803,3.1
3804,4.1
3805,1.0
3806,0.74
3807,3.3
3808,2.11
3809,4.1
3810,2.64
3811,2.84
3812,2.54
3813,3.87
3814,2.23
3815,1.14
3816,3.18
3817,3.97
3818,1.4
3819,3.16
3820,4.96
3821,0.51
3822,3.16
3823,0.55
3824,4.55
3825,0.69
3826,5.08
3827,1.99
3828,3.62
3829,2.95
3830,1.52
3831,3.2
3832,3.8
3833,4.21
3834,3.9
3835,3.99
3836,1.75
3837,0.44
3838,2.67
3839,4.6
3840,0.19
3841,3.46
3842,3.41
3843,0.97
3844,0.55
3845,3.94
3846,3.15
3847,2.24
3848,1.17
3849,0.81
3850,5.47
3851,3.03
3852,1.54
3853,5.09
3854,3.43
3855,1.79
3856,4.6
3857,2.72
3858,2.06
3859,4.19
3860,0.71
3861,4.78
3862,5.18
3863,2.93
3864,0.25
3865,2.63
3866,5.02
3867,5.22
3868,0.01
3869,4.17
3870,2.38
3871,5.47
3872,3.03
3873,0.07
3874,5.02
3875,4.54
3876,3.49
3877,2.88
3878,0.36
3879,2.08
3880,5.35
3881,4.57
3882,3.82
3883,0.95
3884,3.33
3885,4.33
3886,5.11
3887,5.24
3888,0.23
3889,1.05
3890,0.64
3891,2.42
3892,4.44
3893,2.85
3894,0.56
3895,1.56
3896,1.2
3897,3.27
3898,0.07
3899,4.32
3900,2.56
3901,2.24
3902,4.76
3903,0.32
3904,1.86
3905,3.01
3906,2.87
3907,2.03
3908,0.17
3909,0.99
3910,4.89
3911,4.55
3912,4.44
3913,4.94
3914,3.57
3915,2.62
3916,0.52
3917,2.06
3918,1.44
3919,4.91
3920,3.4
3921,0.29
3922,3.09
3923,3.37
3924,2.54
3925,0.93
3926,4.93
3927,0.16
3928,3.51
3929,1.66
3930,3.82
3931,4.52
3932,0.77
3933,1.91
3934,5.32
3935,4.28
3936,5.2
3937,0.69
3938,3.54
3939,1.39
3940,2.3
3941,2.14
3942,2.69
3943,5.13
3944,4.63
3945,3.1
3946,3.56
3947,2.2
3948,2.81
3949,0.71
3950,1.31
3951,4.24
3952,2.83
3953,3.62
3954,0.51
3955,0.34
3956,4.66
3957,0.95
3958,0.73
3959,2.07
3960,0.62
3961,3.67
3962,3.22
3963,4.92
3964,3.68
3965,3.27
3966,0.78
3967,2.46
3968,4.7
3969,2.32
3970,5.01
3971,1.39
3972,1.09
3973,3.68
3974,1.03
3975,2.44
3976,1.37
3977,0.42
3978,3.06
3979,3.3
3980,1.8
3981,2.59
3982,0.27
3983,4.28
3984,1.29
3985,0.18
3986,5.07
3987,5.09
3988,5.26
3989,1.1
3990,0.4
3991,3.14
3992,2.16
3993,1.17
3994,0.32
3995,2.49
3996,0.87
3997,4.78
3998,0.79
3999,3.74
4000,2.8
4001,2.22
4002,0.46
4003,0.51
4004,4.95
4005,5.25
4006,5.04
4007,4.77
4008,1.6
4009,5.42
4010,2.92
4011,0.27
4012,0.41
4013,2.4
4014,1.27
4015,2.45
4016,5.23
4017,5.16
4018,5.07
4019,4.74
4020,1.61
4021,0.56
4022,2.13
4023,5.37
4024,4.46
4025,3.56
4026,3.84
4027,4.43
4028,0.64
4029,0.22
4030,2.16
4031,2.93
4032,0.77
4033,5.25
4034,2.91
4035,3.95
4036,5.0
4037,3.01
4038,4.0
4039,3.91
4040,2.26
4041,0.13
4042,1.93
4043,5.21
4044,3.4
4045,2.44
4046,4.57
4047,4.17
4048,3.12
4049,3.62
4050,3.29
4051,4.12
4052,4.38
4053,1.86
4054,3.77
4055,3.71
4056,1.2
4057,1.93
4058,4.72
4059,0.86
4060,3.64
4061,4.04
4062,0.32
4063,4.81
4064,1.73
4065,0.43
4066,1.38
4067,2.96
4068,4.19
4069,3.94
4070,0.35
4071,3.26
4072,5.26
4073,3.31
4074,5.1
4075,2.55
4076,0.73
4077,4.09
4078,3.6
4079,4.62
4080,4.48
4081,0.03
4082,3.98
4083,0.51
4084,3.74
4085,2.08
4086,2.7
4087,4.96
4088,4.21
4089,4.01
4090,0.1
4091,3.11
4092,0.07
4093,3.43
4094,5.17
4095,5.02
4096,2.41
4097,5.31
4098,4.85
4099,2.3
4100,4.66
4101,1.53
4102,0.01
4103,5.01
4104,1.66
4105,2.96
4106,2.62
4107,5.42
4108,1.67
4109,2.47
4110,1.29
4111,5.41
4112,5.37
4113,3.52
4114,1.17
4115,3.21
4116,2.22
4117,1.58
4118,3.56
4119,1.14
4120,4.87
4121,1.67
4122,5.09
4123,4.34
4124,3.46
4125,0.71
4126,1.09
4127,4.75
4128,2.68
4129,0.81
4130,1.64
4131,0.73
4132,4.12
4133,0.4
4134,4.99
4135,0.26
4136,5.08
4137,3.4
4138,2.68
4139,1.25
4140,5.43
4141,0.05
4142,0.29
4143,2.99
4144,2.42
4145,4.68
4146,0.77
4147,4.06
4148,2.44
4149,4.26
4150,0.98
4151,4.32
4152,1.95
4153,4.2
4154,3.32
4155,0.59
4156,2.44
4157,0.15
4158,4.17
4159,1.24
4160,2.09
4161,1.72
4162,3.59
4163,1.8
4164,3.89
4165,5.37
4166,1.51
4167,4.14
4168,3.57
4169,3.17
4170,5.02
4171,5.2
4172,2.96
4173,4.29
4174,0.61
4175,4.69
4176,0.44
4177,2.16
4178,0.53
4179,2.61
4180,3.41
4181,4.21
4182,4.29
4183,2.13
4184,4.87
4185,4.46
4186,0.04
4187,1.98
4188,0.1
4189,3.39
4190,0.93
4191,4.68
4192,1.05
4193,3.72
4194,4.82
4195,1.22
4196,4.43
4197,2.35
4198,5.3
4199,2.23
4200,4.29
4201,5.12
4202,2.85
4203,1.12
4204,3.51
4205,4.59
4206,3.04
4207,2.21
4208,1.38
4209,5.02
4210,1.76
4211,1.1
4212,1.39
4213,2.87
4214,4.27
4215,0.13
4216,4.07
4217,3.51
4218,0.25
4219,0.46
4220,4.31
4221,0.37
4222,1.29
4223,3.84
4224,3.24
4225,3.17
4226,2.78
4227,2.92
4228,1.79
4229,2.47
4230,0.37
4231,0.84
4232,0.44
4233,0.74
4234,5.05
4235,5.24
4236,5.1
4237,3.43
4238,1.88
4239,4.13
4240,0.87
4241,5.38
4242,2.7
4243,3.96
4244,1.85
4245,4.82
4246,1.15
4247,4.52
4248,1.02
4249,3.6
4250,0.51
4251,1.19
4252,5.13
4253,5.29
4254,1.55
4255,3.53
4256,3.38
4257,5.44
4258,1.75
4259,5.14
4260,4.81
4261,5.37
4262,2.33
4263,4.14
4264,3.62
4265,4.36
4266,0.53
4267,3.15
4268,4.3
4269,1.58
4270,0.59
4271,2.15
4272,5.03
4273,2.93
4274,2.76
4275,4.92
4276,3.26
4277,1.63
4278,4.36
4279,2.01
4280,2.59
4281,2.06
4282,1.56
4283,1.67
4284,3.17
4285,3.48
4286,2.08
4287,1.02
4288,3.84
4289,4.17
4290,4.97
4291,2.7
4292,0.61
4293,4.6
4294,3.13
4295,5.36
4296,0.7
4297,2.42
4298,1.95
4299,2.56
4300,0.76
4301,0.81
4302,2.95
4303,2.07
4304,4.98
4305,0.16
4306,5.3
4307,3.48
4308,1.69
4309,2.22
4310,1.95
4311,5.49
4312,1.29
4313,3.63
4314,0.77
4315,1.26
4316,0.1
4317,4.47
4318,0.19
4319,0.39
4320,3.7
4321,0.34
4322,2.72
4323,2.86
4324,0.84
4325,4.56
4326,2.34
4327,3.67
4328,3.92
4329,1.68
4330,1.33
4331,0.1
4332,3.3
4333,0.42
4334,1.11
4335,2.9
4336,2.34
4337,3.24
4338,4.71
4339,4.33
4340,3.37
4341,2.57
4342,1.62
4343,3.96
4344,1.11
4345,5.04
4346,3.88
4347,4.42
4348,0.91
4349,2.75
4350,3.1
4351,3.52
4352,5.46
4353,4.61
4354,4.3
4355,2.64
4356,4.75
4357,4.6
4358,5.44
4359,5.26
4360,2.5
4361,5.39
4362,0.57
4363,1.07
4364,2.57
4365,4.65
4366,0.92
4367,4.05
4368,0.39
4369,1.76
4370,1.69
4371,1.87
4372,2.79
4373,3.56
4374,5.25
4375,1.08
4376,1.03
4377,0.17
4378,1.66
4379,3.04
4380,4.99
4381,3.32
4382,3.71
4383,1.86
4384,1.43
4385,3.33
4386,0.7
4387,1.21
4388,0.97
4389,2.46
4390,2.36
4391,3.25
4392,3.39
4393,4.67
4394,2.25
4395,0.33
4396,1.17
4397,3.0
4398,3.07
4399,1.4
4400,2.82
4401,4.18
4402,4.46
4403,1.45
4404,3.11
4405,4.95
4406,5.41
4407,3.92
4408,2.66
4409,2.23
4410,3.52
4411,2.14
4412,2.13
4413,4.4
4414,1.08
4415,3.94
4416,3.49
4417,4.61
4418,1.14
4419,2.17
4420,0.72
4421,5.01
4422,5.26
4423,0.63
4424,4.02
4425,1.37
4426,0.34
4427,3.74
4428,4.63
4429,4.98
4430,0.6
4431,4.86
4432,3.71
4433,1.57
4434,3.74
4435,3.92
4436,3.23
4437,4.91
4438,1.59
4439,3.67
4440,3.17
4441,0.25
4442,4.7
4443,2.58
4444,1.93
4445,5.12
4446,0.72
4447,1.75
4448,1.08
4449,2.82
4450,1.82
4451,2.43
4452,2.6
4453,3.68
4454,1.77
4455,3.79
4456,1.32
4457,3.24
4458,0.2
4459,4.39
4460,0.19
4461,4.82
4462,3.45
4463,2.98
4464,2.92
4465,4.88
4466,0.7
4467,3.99
4468,2.48
4469,3.81
4470,3.58
4471,3.23
4472,0.89
4473,4.87
4474,2.35
4475,4.36
4476,2.58
4477,3.31
4478,2.03
4479,3.55
4480,0.2
4481,1.15
4482,4.8
4483,4.42
4484,1.52
4485,3.79
4486,3.41
4487,0.55
4488,0.16
4489,0.52
4490,3.57
4491,1.32
4492,4.99
4493,2.26
4494,4.66
4495,3.19
4496,0.89
4497,4.75
4498,3.14
4499,1.91
4500,2.01
4501,2.44
4502,0.7
4503,0.49
4504,0.69
4505,3.66
4506,4.0
4507,4.25
4508,3.07
4509,5.38
4510,1.98
4511,4.43
4512,3.38
4513,3.98
4514,1.68
4515,0.62
4516,0.52
4517,3.82
4518,1.26
4519,5.4
4520,2.76
4521,3.54
4522,1.75
4523,0.26
4524,1.68
4525,4.56
4526,2.36
4527,0.23
4528,5.16
4529,1.8
4530,1.91
4531,4.83
4532,4.4
4533,2.39
4534,0.26
4535,2.44
4536,1.91
4537,5.41
4538,4.19
4539,1.28
4540,0.15
4541,1.79
4542,5.26
4543,4.82
4544,5.33
4545,3.94
4546,2.52
4547,1.88
4548,3.75
4549,0.79
4550,4.23
4551,3.29
4552,1.23
4553,1.31
4554,2.08
4555,2.43
4556,0.14
4557,4.93
4558,4.87
4559,4.01
4560,1.73
4561,2.62
4562,3.79
4563,1.52
4564,3.91
4565,3.44
4566,2.83
4567,1.84
4568,1.06
4569,3.91
4570,2.16
4571,4.61
4572,0.07
4573,5.1
4574,3.67
4575,3.9
4576,1.14
4577,0.48
4578,0.61
4579,0.25
4580,2.65
4581,2.9
4582,3.9
4583,3.44
4584,5.27
4585,3.28
4586,2.67
4587,4.95
4588,1.85
4589,2.19
4590,1.54
4591,3.47
4592,3.87
4593,3.4
4594,5.05
4595,2.43
4596,0.5
4597,0.93
4598,0.0
4599,0.31
4600,2.54
4601,2.94
4602,1.2
4603,2.38
4604,2.28
4605,3.46
4606,2.24
4607,0.94
4608,1.77
4609,0.15
4610,1.71
4611,5.39
4612,5.35
4613,3.27
4614,2.22
4615,3.67
4616,1.45
4617,4.51
4618,2.22
4619,4.21
4620,4.92
4621,5.15
4622,2.1
4623,3.61
4624,5.45
4625,5.47
4626,5.03
4627,1.48
4628,2.72
4629,4.29
4630,4.56
4631,3.01
4632,0.46
4633,5.23
4634,1.02
4635,1.51
4636,3.86
4637,3.56
4638,2.82
4639,3.4
4640,4.45
4641,1.41
4642,5.37
4643,0.75
4644,0.22
4645,3.59
4646,0.47
4647,2.15
4648,2.22
4649,4.26
4650,4.37
4651,4.38
4652,2.67
4653,4.43
4654,3.59
4655,0.45
4656,4.6
4657,4.71
4658,4.39
4659,3.17
4660,3.53
4661,2.17
4662,3.62
4663,4.24
4664,3.0
4665,0.12
4666,3.56
4667,2.57
4668,1.91
4669,3.69
4670,0.85
4671,5.32
4672,3.51
4673,4.17
4674,3.99
4675,0.86
4676,0.27
4677,2.57
4678,5.29
4679,2.93
4680,2.05
4681,4.58
4682,0.09
4683,0.38
4684,4.76
4685,3.3
4686,2.64
4687,4.09
4688,3.88
4689,3.77
4690,3.88
4691,1.31
4692,4.47
4693,0.02
4694,2.23
4695,0.71
4696,3.29
4697,2.06
4698,0.03
4699,2.16
4700,5.03
4701,4.96
4702,1.3
4703,2.97
4704,0.57
4705,5.15
4706,0.13
4707,0.08
4708,4.44
4709,5.46
4710,4.97
4711,0.52
4712,5.06
4713,4.02
4714,3.84
4715,2.79
4716,4.36
4717,4.83
4718,1.37
4719,1.91
4720,4.83
4721,1.42
4722,0.29
4723,1.03
4724,3.2
4725,0.66
4726,4.72
4727,3.66
4728,0.44
4729,5.13
4730,1.22
4731,0.29
4732,4.7
4733,3.55
4734,3.7
4735,0.22
4736,2.21
4737,5.04
4738,2.31
4739,3.97
4740,4.48
4741,3.45
4742,2.25
4743,4.7
4744,5.47
4745,3.53
4746,2.96
4747,4.01
4748,3.3
4749,1.85
4750,1.47
4751,3.86
4752,4.81
4753,0.24
4754,2.07
4755,1.37
4756,0.61
4757,2.09
4758,1.87
4759,1.87
4760,1.73
4761,4.21
4762,1.1
4763,1.88
4764,2.87
4765,2.46
4766,0.1
4767,4.56
4768,4.27
4769,4.71
4770,2.01
4771,2.72
4772,1.85
4773,5.03
4774,0.54
4775,2.19
4776,0.58
4777,5.28
4778,0.93
4779,0.99
4780,2.73
4781,1.02
4782,4.58
4783,4.02
4784,0.56
4785,0.87
4786,5.31
4787,3.93
4788,2.29
4789,3.81
4790,4.78
4791,3.67
4792,0.47
4793,4.86
4794,4.02
4795,3.92
4796,2.07
4797,0.15
4798,2.12
4799,2.94
4800,4.07
4801,2.36
4802,1.06
4803,3.26
4804,0.7
4805,2.99
4806,0.9
4807,3.94
4808,3.44
4809,4.37
4810,3.7
4811,2.29
4812,5.08
4813,0.27
4814,2.38
4815,5.05
4816,1.25
4817,0.32
4818,4.45
4819,1.32
4820,0.31
4821,4.23
4822,2.29
4823,3.09
4824,4.5
4825,2.63
4826,0.95
4827,2.34
4828,0.68
4829,0.09
4830,1.76
4831,1.2
4832,5.26
4833,0.03
4834,2.87
4835,2.98
4836,4.22
4837,2.06
4838,5.28
4839,4.82
4840,2.63
4841,4.29
4842,3.58
4843,2.96
4844,3.91
4845,1.91
4846,1.74
4847,0.62
4848,2.55
4849,3.2
4850,2.8
4851,1.78
4852,2.19
4853,5.5
4854,2.1
4855,4.74
4856,3.29
4857,2.04
4858,4.83
4859,1.44
4860,5.32
4861,3.38
4862,1.23
4863,0.55
4864,3.83
4865,3.1
4866,1.38
4867,4.38
4868,5.36
4869,1.03
4870,3.02
4871,2.98
4872,5.41
4873,2.27
4874,3.75
4875,0.38
4876,2.22
4877,4.99
4878,2.79
4879,1.46
4880,1.64
4881,0.66
4882,3.7
4883,2.6
4884,4.18
4885,3.69
4886,4.68
4887,5.23
4888,0.03
4889,2.57
4890,2.03
4891,5.11
4892,3.34
4893,3.64
4894,5.34
4895,4.83
4896,1.89
4897,4.88
4898,3.34
4899,2.99
4900,0.86
4901,4.23
4902,3.51
4903,3.58
4904,1.74
4905,4.13
4906,5.44
4907,5.11
4908,1.33
4909,5.16
4910,3.84
4911,3.84
4912,0.19
4913,1.35
4914,4.35
4915,5.17
4916,3.68
4917,1.83
4918,5.02
4919,4.99
4920,0.71
4921,4.13
4922,2.46
4923,4.34
4924,4.05
4925,4.92
4926,2.23
4927,3.06
4928,5.15
4929,0.54
4930,4.15
4931,1.67
4932,4.83
4933,0.79
4934,3.68
4935,3.93
4936,4.37
4937,2.15
4938,4.54
4939,4.28
4940,3.08
4941,4.8
4942,3.41
4943,4.54
4944,5.27
4945,3.22
4946,0.55
4947,4.02
4948,0.67
4949,2.22
4950,0.02
4951,4.14
4952,0.53
4953,2.06
4954,5.01
4955,2.72
4956,4.55
4957,2.45
4958,1.48
4959,1.44
4960,4.74
4961,0.39
4962,3.77
4963,0.28
4964,4.5
4965,1.48
4966,3.51
4967,3.56
4968,3.79
4969,3.89
4970,3.59
4971,4.16
4972,3.87
4973,5.18
4974,2.76
4975,2.48
4976,1.3
4977,1.45
4978,0.37
4979,2.44
4980,1.89
4981,2.76
4982,4.49
4983,2.47
4984,4.2
4985,0.5
4986,2.86
4987,2.58
4988,2.85
4989,2.24
4990,0.99
4991,0.04
4992,4.08
4993,3.87
4994,2.31
4995,1.8
4996,2.37
4997,2.44
4998,4.07
4999,3.65
5000,2.1
5001,3.64
5002,5.24
5003,4.43
5004,4.71
5005,1.06
5006,4.7
5007,2.06
5008,0.24
5009,1.18
5010,1.75
5011,2.45
5012,0.14
5013,2.84
5014,2.14
5015,2.0
5016,1.34
5017,2.98
5018,4.42
5019,3.96
5020,3.77
5021,0.3
5022,3.3
5023,2.35
5024,3.76
5025,0.18
5026,1.37
5027,3.74
5028,4.92
5029,0.62
5030,3.88
5031,5.28
5032,1.61
5033,4.82
5034,3.77
5035,4.62
5036,0.2
5037,2.76
5038,0.08
5039,2.38
5040,4.51
5041,3.69
5042,4.41
5043,2.83
5044,4.95
5045,0.78
5046,3.61
5047,1.58
5048,3.03
5049,0.4
5050,4.9
5051,5.22
5052,1.55
5053,2.19
5054,4.4
5055,1.65
5056,4.86
5057,0.52
5058,3.8
5059,5.06
5060,3.77
5061,0.12
5062,1.49
5063,2.49
5064,2.94
5065,3.23
5066,3.65
5067,1.01
5068,1.67
5069,4.76
5070,4.07
5071,1.76
5072,3.23
5073,0.61
5074,3.14
5075,5.04
5076,0.69
5077,3.91
5078,0.09
5079,4.94
5080,2.7
5081,5.06
5082,4.36
5083,3.56
5084,2.32
5085,3.2
